{
  "$schema": "https://raw.githubusercontent.com/grafana/grafana/master/docs/sources/developers/plugins/plugin.schema.json",
  "type": "datasource",
  "name": "Tinybird",
  "id": "tinybird-tinybird-datasource",
  "metrics": true,
  "annotations": true,
  "backend": true,
  "alerting": true,
  "logs": true,
  "executable": "gpx_tinybird",
  "info": {
    "description": "Plugin to consume tinybird api endpoints",
    "author": {
      "name": "Tinybird"
    },
    "keywords": [
      "datasource",
      "tinybird",
      "clickhouse",
      "analytics"
    ],
    "logos": {
      "small": "img/logo.svg",
      "large": "img/logo.svg"
    },
    "links": [],
    "screenshots": [],
    "version": "2.0.3",
    "updated": "2024-05-02"
  },
  "routes": [
    {
      "path": "query",
      "url": "{{ .SecureJsonData.host }}/v0/pipes",
      "headers": [
        {
          "name": "Authorization",
          "content": "Bearer {{ .SecureJsonData.token }}"
        }
      ]
    }
  ],
  "dependencies": {
    "grafanaDependency": "^9.5.1",
    "plugins": []
  }
}